{
  "users": [
    {
      "firstname": "usha",
      "lastname": "shastri",
      "email": "usha@outlook.com",
      "pass": "sas333",
      "id": 1
    },
    {
      "firstname": "Chaithrika",
      "lastname": "Shanubhag",
      "email": "chaithrika@gmail.com",
      "pass": "c@123",
      "id": 2
    },
    {
      "firstname": "Varun",
      "lastname": "Aradya",
      "email": "varun@yahoo.com",
      "pass": "varun123",
      "id": 3
    }
  ],
  "adopt": [
    {
      "name": "Niharika Das",
      "ph": "7896541236",
      "email": "niha@outlook.com",
      "usermessage": "adopting a child",
      "id": 1
    }
  ],
  "donate": [
    {
      "fullname": "usha",
      "address": "usha nilaya, bengaluru",
      "nation": "indian",
      "area": "children health",
      "amount": "2000",
      "phone": "7556628954",
      "id": 1
    },
    {
      "fullname": "charita",
      "address": "Durgigudi, shivamogga",
      "nation": "Indian",
      "area": "Health",
      "amount": "5000",
      "phone": "951324672",
      "id": 2
    },
    {
      "fullname": "Devika gupta",
      "address": "New delhi",
      "nation": "Indian",
      "area": "Health",
      "amount": "1000",
      "phone": "9874598146",
      "id": 3
    }
  ],
  "volunteer": [
    {
      "fullname": "Hansika",
      "phone": "8957641325",
      "email": "hansika @gmail.com",
      "gender": "Female",
      "interest": "Education",
      "id": 1
    },
    {
      "fullname": "Mayur wala",
      "phone": "8979649985",
      "email": "mayur@yaho.com",
      "gender": "Male",
      "interest": "Food",
      "id": 2
    },
    {
      "email": "snjs@jdn",
      "password": "jdjd",
      "id": 3
    }
  ],
  "scholorship": [
    {
      "fullname": "Rohan nanda",
      "state": "Uttar pradesh",
      "account": "8421889",
      "ifsc": "icici8735",
      "id": 1
    }
  ],
  "contact": [
    {
      "fullname": "jeevika",
      "email": "jeevika@office.in",
      "usermsg": "I need informtion regarding adoption",
      "id": 1
    }
  ]
}